{
  "model": "MF_MRDR_JL",
  "objective": "DR_Variance",
  "best_value": 4.3557287426665425e-05,
  "trial_number": 84,
  "params": {
    "epochs": 150,
    "prop_epochs": 100,
    "lr": 0.01,
    "prop_lr": 0.01,
    "batch_size": 256,
    "embedding_k": 4,
    "gamma": 0.2,
    "G": 2
  },
  "all_metrics": {
    "ECE": 0.21888582408428192,
    "BMSE": 3.5151560306549072,
    "DR_Bias": 0.011920394375920296,
    "DR_Variance": 4.3557287426665425e-05,
    "MSE": 0.042630940675735474,
    "MAE": 0.15505871176719666,
    "training_time": 72.30903816223145
  }
}