trial_number,pareto_rank,auc,G,abc_model_name,batch_size,beta,dis_lamb,dis_lr,embedding_k,embedding_k1,gamma,impu_lr,lamb_imp,lamb_pred,lamb_prop,num_bins,pred_lr,prop_lr
76,1,0.730241988804161,8,logistic_regression,128,0.011418606867869411,7.718721829297421,0.007661762463292656,4,4,0.15932876957917627,0.008316221005911154,0.002973588212948407,0.0003413544617833328,0.00014783754099768187,20,0.007455662062338013,0.007053746106544987
