trial_number,pareto_rank,auc,mse,ndcg_5,ndcg_10,G,abc_model_name,batch_size,beta,dis_lamb,dis_lr,embedding_k,embedding_k1,gamma,impu_lr,lamb_imp,lamb_pred,lamb_prop,num_bins,pred_lr,prop_lr
0,1,0.5,0.25,0.44660611876587275,0.5462021345887261,8,logistic_regression,64,0.5300512596323975,0.34191507672475274,0.007419598870293444,16,8,0.061648785713594396,0.009680905314039638,0.001063987406650601,6.387396314689671,0.021943891597065175,15,0.006240512779176942,0.005499440637019753
1,2,0.5059476444891928,0.25021003881461773,0.4578228332327326,0.5579929794663189,4,mlp,256,0.2171201116670227,0.48394493578469583,0.006026438623078573,8,8,0.08094481395760472,0.006715915496350151,5.772867120550046e-06,0.00619669540990506,2.552113327420776e-05,10,0.0057114490123577446,0.007137151034448486
2,3,0.6471272094150835,0.31300469249553675,0.6217807162397906,0.6817790111856764,2,mlp,64,0.6145627137801639,8.408448343849454,0.007456384268018913,8,16,0.1358625760945217,0.005277264633650254,9.029622567505722,2.6195638827653823e-06,8.689583096152716e-07,15,0.008803853309056562,0.005488991189709023
