trial_number,pareto_rank,auc,G,abc_model_name,batch_size,beta,dis_lamb,dis_lr,embedding_k,embedding_k1,gamma,impu_lr,lamb_imp,lamb_pred,lamb_prop,num_bins,pred_lr,prop_lr
1,1,0.5059476444891928,4,mlp,256,0.2171201116670227,0.48394493578469583,0.006026438623078573,8,8,0.08094481395760472,0.006715915496350151,5.772867120550046e-06,0.00619669540990506,2.552113327420776e-05,10,0.0057114490123577446,0.007137151034448486
