model,ECE,BMSE,DR_Bias,DR_Variance,MSE,MAE,epochs,lr,batch_size,embedding_k,gamma,seed
MF_DR_JL,0.2109546810388565,1.8818315267562866,0.016105886548757553,5.5601612984901294e-05,0.07826033234596252,0.20429648458957672,1000,0.01,128,8,0.1,2024
MF_MRDR_JL,0.1857462078332901,0.8316349387168884,0.003614970948547125,1.7789634512155317e-05,0.08117511868476868,0.20759908854961395,1000,0.01,128,8,0.1,2024
MF_Minimax,0.19019122421741486,2.355229616165161,0.0006414827657863498,1.96833298105048e-05,0.07447415590286255,0.19864600896835327,1000,0.01,128,8,0.1,2024
MF_Minimax,0.19018328189849854,2.3533613681793213,0.0006558847962878644,1.9674416762427427e-05,0.07447850704193115,0.19864685833454132,1000,0.01,128,8,0.1,2024
