model,ECE,BMSE,DR_Bias,DR_Variance,MSE,MAE,epochs,lr,batch_size,embedding_k,gamma,seed
MF_DR_JL,0.2109546810388565,1.8818315267562866,0.016105886548757553,5.5601612984901294e-05,0.07826033234596252,0.20429648458957672,1000,0.01,128,8,0.1,2024
MF_MRDR_JL,0.1857462078332901,0.8316349387168884,0.003614970948547125,1.7789634512155317e-05,0.08117511868476868,0.20759908854961395,1000,0.01,128,8,0.1,2024
MF_Minimax,0.19019122421741486,2.355229616165161,0.0006414827657863498,1.96833298105048e-05,0.07447415590286255,0.19864600896835327,1000,0.01,128,8,0.1,2024
MF_DR_BIAS,0.18973349034786224,1.6032264232635498,0.0008943296852521598,1.9911680283257738e-05,0.07923922687768936,0.20548242330551147,1000,0.01,128,8,0.1,2024
MF_DR_BMSE,0.18911249935626984,2.531393051147461,0.013618292286992073,1.0301422662450932e-05,0.039183806627988815,0.14533880352973938,10,0.01,128,8,0.1,2024
MF_DR_DCE,0.19714626669883728,2.349546194076538,0.0026863443199545145,2.800593756546732e-05,0.08057573437690735,0.2063751071691513,1000,0.01,128,8,0.1,2024
MF_DR_DCE,0.19787083566188812,2.456387758255005,0.005428975448012352,3.0044680897844955e-05,0.08190014958381653,0.20863734185695648,1000,0.01,128,8,0.1,2024
