trial_number,pareto_rank,auc,ndcg_20,f1_20,G,abc_model_name,batch_size,beta,dis_lamb,dis_lr,embedding_k,embedding_k1,gamma,grad_clip_norm,impu_lr,lamb_imp,lamb_pred,lamb_prop,num_bins,pred_lr,prop_lr
542,1,0.8013596119990612,0.5163016175825744,0.15281397239168587,6,logistic_regression,4096,0.5,0.001,0.01,32,64,0.010056661975042987,2.0,0.01,5e-05,0.0001,5e-05,50,0.005,0.005
554,2,0.8005517931870851,0.5193745494011468,0.15301686948890725,10,logistic_regression,4096,0.5,0.001,0.01,16,64,0.010196008730494447,2.0,0.01,1e-05,5e-05,5e-05,50,0.005,0.005
573,3,0.800614144427771,0.5192793821929094,0.15299889326847466,10,logistic_regression,4096,0.5,0.001,0.01,16,64,0.010113206605651057,2.0,0.01,1e-05,5e-05,5e-05,50,0.005,0.005
581,4,0.8006549004254644,0.5192266209342826,0.15305120642483494,10,logistic_regression,4096,0.5,0.001,0.01,16,64,0.010058952966259228,2.0,0.01,1e-05,5e-05,5e-05,50,0.005,0.005
582,5,0.8006971663634148,0.519216361035521,0.15299850678113036,10,logistic_regression,4096,0.5,0.001,0.01,16,64,0.01000296447314001,2.0,0.01,1e-05,5e-05,5e-05,50,0.005,0.005
584,6,0.8006488420805551,0.5192283167111007,0.15305120642483494,10,logistic_regression,4096,0.5,0.001,0.01,16,64,0.010067425830860014,2.0,0.01,1e-05,5e-05,5e-05,50,0.005,0.005
