trial_number,pareto_rank,auc,mse,ndcg_5,ndcg_10,G,abc_model_name,batch_size,beta,dis_lamb,dis_lr,embedding_k,embedding_k1,gamma,impu_lr,lamb_imp,lamb_pred,lamb_prop,num_bins,pred_lr,prop_lr
23,1,0.7334890759759627,0.22397812517407178,0.6485078475528478,0.7101755842718752,6,mlp,128,0.14202083137533056,4.2655986826430885,0.005371795331222517,16,4,0.15639462339768198,0.00913226667500145,0.007460325146010011,0.00017201660105073464,0.2752507580282953,10,0.0063974858895313345,0.009389387384997847
69,2,0.7337996526335895,0.21208541247468357,0.6436867650509431,0.7074652961049933,4,mlp,64,0.18723547159008136,8.811613615127936,0.0051187709402509,16,4,0.1998928613280211,0.008840445521253711,2.168885210625202e-05,0.00016006094807378962,0.9461216004947993,5,0.005310020234066978,0.00882668415872
88,3,0.7247025501117804,0.21381305591247096,0.6746087422287266,0.7356752161042207,4,logistic_regression,64,0.01716826452796312,7.660001691438178,0.00528054089466731,8,16,0.18762909577466869,0.00636707525145654,6.128734764317913e-05,0.00010341267700224224,2.8787911736821665,5,0.006481085831064532,0.007871296366967153
