{
  "model": "MF_MRDR_JL",
  "objective": "DR_Variance",
  "best_value": 1.1609929515543627e-06,
  "trial_number": 99,
  "params": {
    "epochs": 150,
    "prop_epochs": 100,
    "lr": 0.001,
    "prop_lr": 0.01,
    "batch_size": 256,
    "embedding_k": 4,
    "gamma": 0.2,
    "G": 2
  },
  "all_metrics": {
    "ECE": 0.1252560317516327,
    "BMSE": 0.17688269913196564,
    "DR_Bias": 0.0016064406372606754,
    "DR_Variance": 1.1609929515543627e-06,
    "MSE": 0.010887442156672478,
    "MAE": 0.0787854939699173,
    "training_time": 93.87010407447815
  }
}