model,ECE,BMSE,DR_Bias,DR_Variance,MSE,MAE,epochs,lr,batch_size,embedding_k,gamma,seed
DR-JL,0.2490076342123233,6.6143567546891612,0.06417236477136612,0.00046684470726177096,0.13755270838737488,0.2800438106060028,150,0.01,128,8,0.1,2024
DR-V2,0.2322511076927185,0.6419030427932739,0.18573154509067535,0.00016180259990505874,0.081574946641922,0.2196781188249588,150,0.05,64,4,0.05,2024
DCE-DR,0.22070711374282837,6.504444122314453,0.028874222189188004,0.0002149905194528401,0.055568862706422806,0.17399489879608154,150,0.005,128,4,0.1,2024
DR-BIAS,0.22486528754234314,5.6342334345434569,0.021635623648762703,0.000197833011043258,0.07835344970226288,0.20555593073368073,150,0.01,256,4,0.05,2024
MRDR,0.22714674472808838,6.4284234046936035,0.0356849804520607,0.00010205337457591668,0.038568492978811264,0.1479492038488388,150,0.01,256,4,0.2,2024
UPO,0.22319649159908295,5.574002742767334,0.023806780576705933,5.169136056792922e-05,0.04368765279650688,0.15729233622550964,150,0.05,64,4,0.1,2024