model,ECE,BMSE,DR_Bias,DR_Variance,MSE,MAE,epochs,lr,batch_size,embedding_k,gamma,seed
DR-JL,0.2109546959400177,1.8818315267562866,0.016105886548757553,5.5601612984901294e-05,0.07826033234596252,0.20429648458957672,150,0.01,128,8,0.1,2024
DR-V2,0.2011721432209015,0.15954895317554474,0.06261745095252991,1.7374559320160188e-05,0.06166218966245651,0.1884354203939438,150,0.005,128,4,0.1,2024
DCE-DR,0.1877300888299942,1.5779913663864136,0.02803676202893257,3.240340811316855e-05,0.15646101534366608,0.30294349789619446,150,0.1,64,16,0.05,2024
DR-BIAS,0.19992876052856445,1.174265742301941,0.0004554063198156655,1.169323604699457e-05,0.033219754695892334,0.13226459920406342,150,0.005,128,4,0.1,2024
MRDR,0.19816425442695618,1.0673668384552002,0.002244330244138837,6.571805442945333e-06,0.02092861756682396,0.10901946574449539,150,0.001,256,4,0.1,2024
UPO,0.19554837048053741,1.0468580722808838,0.0010818669106811285,7.0517694439331535e-06,0.023930329829454422,0.11755194514989853,150,0.05,256,4,0.2,2024