model,ECE,BMSE,DR_Bias,DR_Variance,MSE,MAE,epochs,lr,batch_size,embedding_k,gamma,seed
DR-JL,0.1329817771911621,0.20408019423484802,0.0021800787653774023,5.878325737285195e-06,0.03313891217112541,0.13157540559768677,150,0.01,128,8,0.1,2024
DR-V2,0.1373748481273651,0.04335669428110123,0.00362793639302254,4.004492893727729e-06,0.03663811832666397,0.1484047919511795,150,0.005,128,8,0.05,2024
DCE-DR,0.1147273397445678,0.3637077510356903,0.0008800502400845289,3.067443685722537e-05,0.15095797181129456,0.2970338761806488,150,0.05,128,8,0.05,2024
DR-BIAS,0.1305062919855117,0.18274173140525818,0.0003640648934990168,2.8747033436739002e-06,0.014838133938610554,0.09095554798841476,150,0.05,128,8,0.1,2024
MRDR,0.1373748481273651,0.19524048268795013,0.00045002292608842254,2.0579966530931415e-06,0.012932884506881237,0.0856761708855629,150,0.005,128,4,0.1,2024
UPO,0.1292581409215927,0.16328534483909607,0.0004215391236357391,2.5856902539089788e-06,0.019977698102593422,0.1076355054974556,150,0.05,256,4,0.2,2024
